"","Dim.1","Dim.2","Dim.3","Dim.4"
"[carbohydrate]",23.329836455488,6.46226360948854,0.152958521380004,70.0293777145012
"[fatty acid]",5.81261895757502,53.1759329400505,26.2240949251483,14.7782783034707
"[protein]",7.8631074115052,37.7986954638341,54.1958985477844,0.00772979397353421
"% fiber",31.3802967763612,0.979383496532179,11.1711031362476,6.98040959220206
"% water",31.6141403990705,1.5837244900947,8.25594486943966,8.20420459585258
