"","Dim.1","Dim.2","Dim.3","Dim.4","Dim.5"
"[carbohydrate]",0.6617881071912,0.0747994727655532,0.000957903831434717,0.262453280856062,1.23535574958095e-06
"[fatty acid]",0.164884229047065,0.615501314723835,0.164228581566239,0.0553854361231413,4.38539720257864e-07
"[protein]",0.223049612046338,0.437512714239813,0.339402201319636,2.89694104803587e-05,6.50298373282885e-06
"% fiber",0.890152284022591,0.0113361777858036,0.0699591130917071,0.0261608978829066,0.00239152721699131
"% water",0.896785632213726,0.0183313098975166,0.0517029136474374,0.0307473875003465,0.00243275674097314
